site,run_id,phase,freq_mhz,stimulus_epoch_ms,detect_ts_ms,detect_delay_lo_ms,detect_delay_hi_ms,requested_ts_ms,output_ts_ms,post_detection_ms,post_detection_lo_ms,post_detection_hi_ms,full_delay_lo_ms,full_delay_hi_ms,verdict
site-001,freq-prequal-b-run-1787309966,baseline,50000,1787309966749,,,,,,,,,,,no-change
site-001,freq-prequal-b-run-1787309966,over-10,50010,1787309996754,1787309996829,-349.4,357.6,,,,,,,,no-output-change
site-001,freq-prequal-b-run-1787309966,nominal-after-over-10,50000,1787310116756,1787310116830,-351.4,356.6,,,,,,,,no-output-change
site-001,freq-prequal-b-run-1787309966,down-10,49990,1787310146768,1787310146829,-363.4,343.6,,,,,,,,no-output-change
site-001,freq-prequal-b-run-1787309966,nominal-after-down-10,50000,1787310266782,1787310266829,-377.4,329.6,1787310296830,,,,,,,no-output-change
site-001,freq-prequal-b-run-1787309966,over-30,50030,1787310296783,1787310296830,-378.4,329.6,1787310296830,1787310297729,899.0,800.0,899.0,522.6,1228.6,within
site-001,freq-prequal-b-run-1787309966,nominal-after-over-30,50000,1787310416785,1787310416834,-374.4,331.6,1787310416834,1787310417834,1000.0,900.0,1000.0,624.6,1331.6,within
site-001,freq-prequal-b-run-1787309966,down-30,49970,1787310446789,1787310446834,-379.4,327.6,1787310446834,1787310447934,1100.0,1001.0,1100.0,721.6,1427.6,within
site-001,freq-prequal-b-run-1787309966,nominal-after-down-30,50000,1787310566804,1787310566834,-394.4,312.6,1787310566834,1787310568035,1201.0,1101.0,1201.0,806.6,1513.6,within
site-001,freq-prequal-b-run-1787309966,over-50,50050,1787310596819,1787310596934,-308.4,397.6,1787310596934,1787310597534,600.0,501.0,600.0,291.6,997.6,within
site-001,freq-prequal-b-run-1787309966,nominal-after-over-50,50000,1787310716829,1787310716940,-313.4,393.6,1787310716940,1787310717640,700.0,601.0,700.0,387.6,1093.6,within
site-001,freq-prequal-b-run-1787309966,down-50,49950,1787310746844,1787310746940,-328.4,378.6,1787310746940,1787310747740,800.0,700.0,800.0,471.6,1178.6,within
site-001,freq-prequal-b-run-1787309966,nominal-after-down-50,50000,1787310866851,1787310866940,-335.4,371.6,1787310866940,1787310867940,1000.0,900.0,1000.0,664.6,1371.6,within
site-001,freq-prequal-b-run-1787309966,over-80,50080,1787310896853,1787310896940,-337.4,369.6,1787310896940,1787310897340,400.0,300.0,400.0,62.6,769.6,within
site-001,freq-prequal-b-run-1787309966,nominal-after-over-80,50000,1787311016866,1787311016940,-350.4,356.6,1787311016940,1787311017640,700.0,600.0,700.0,349.6,1056.6,within
site-001,freq-prequal-b-run-1787309966,down-80,49920,1787311046869,1787311046940,-352.4,353.6,1787311046940,1787311047741,801.0,700.0,801.0,446.6,1154.6,within
site-001,freq-prequal-b-run-1787309966,nominal-after-down-80,50000,1787311166878,1787311166940,-362.4,344.6,1787311166940,1787311167940,1000.0,900.0,1000.0,637.6,1344.6,within
site-001,freq-prequal-b-run-1787309966,over-120,50120,1787311196883,1787311196940,-366.4,339.6,1787311196940,1787311197340,400.0,300.0,400.0,32.6,739.6,within
site-001,freq-prequal-b-run-1787309966,nominal-after-over-120,50000,1787311316891,1787311316947,-369.4,338.6,1787311316947,1787311317446,499.0,400.0,499.0,131.6,837.6,within
site-001,freq-prequal-b-run-1787309966,down-120,49880,1787311346892,1787311346947,-369.4,337.6,1787311346947,1787311347547,600.0,499.0,600.0,229.6,937.6,within
site-001,freq-prequal-b-run-1787309966,nominal-after-down-120,50000,1787311466894,1787311466947,-372.4,335.6,1787311466947,1787311467946,999.0,899.0,999.0,627.6,1334.6,within
site-001,freq-prequal-b-run-1787309966,over-160,50160,1787311496902,1787311496946,-380.4,326.6,1787311496946,1787311497347,401.0,301.0,401.0,20.6,727.6,within
site-001,freq-prequal-b-run-1787309966,nominal-after-over-160,50000,1787311616914,1787311616946,-392.4,314.6,1787311616946,1787311617547,601.0,500.0,601.0,207.6,915.6,within
site-001,freq-prequal-b-run-1787309966,down-160,49840,1787311646928,1787311647046,-306.4,400.6,1787311647046,1787311647446,400.0,300.0,400.0,93.6,800.6,within
site-001,freq-prequal-b-run-1787309966,back-at-nominal-hold,50000,1787311766939,1787311767046,-317.4,389.6,1787311767046,1787311767746,700.0,600.0,700.0,382.6,1089.6,within
site-002,freq-prequal-b-run-1787309966,baseline,50000,1787309966749,,,,,,,,,,,no-change
site-002,freq-prequal-b-run-1787309966,over-10,50010,1787309996754,1787309996770,-405.7,301.7,,,,,,,,no-output-change
site-002,freq-prequal-b-run-1787309966,nominal-after-over-10,50000,1787310116756,1787310116870,-306.7,399.7,,,,,,,,no-output-change
site-002,freq-prequal-b-run-1787309966,down-10,49990,1787310146768,1787310146869,-318.7,386.7,,,,,,,,no-output-change
site-002,freq-prequal-b-run-1787309966,nominal-after-down-10,50000,1787310266782,1787310266870,-332.7,373.7,1787310296870,,,,,,,no-output-change
site-002,freq-prequal-b-run-1787309966,over-30,50030,1787310296783,1787310296870,-333.7,372.7,1787310296870,1787310297169,299.0,200.0,299.0,-33.7,671.7,within
site-002,freq-prequal-b-run-1787309966,nominal-after-over-30,50000,1787310416785,1787310416870,-335.7,370.7,1787310416870,1787310417770,900.0,800.0,900.0,564.3,1270.7,within
site-002,freq-prequal-b-run-1787309966,down-30,49970,1787310446789,1787310446870,-340.7,366.7,1787310446870,1787310447870,1000.0,900.0,1000.0,660.3,1366.7,within
site-002,freq-prequal-b-run-1787309966,nominal-after-down-30,50000,1787310566804,1787310566870,-354.7,351.7,1787310566870,1787310568170,1300.0,1200.0,1300.0,945.3,1651.7,within
site-002,freq-prequal-b-run-1787309966,over-50,50050,1787310596819,1787310596870,-369.7,336.7,1787310596870,1787310597470,600.0,500.0,600.0,230.3,936.7,within
site-002,freq-prequal-b-run-1787309966,nominal-after-over-50,50000,1787310716829,1787310716870,-379.7,326.7,1787310716870,1787310717670,800.0,699.0,800.0,419.3,1126.7,within
site-002,freq-prequal-b-run-1787309966,down-50,49950,1787310746844,1787310746870,-394.7,311.7,1787310746870,1787310747769,899.0,799.0,899.0,504.3,1210.7,within
site-002,freq-prequal-b-run-1787309966,nominal-after-down-50,50000,1787310866851,1787310866870,-401.7,304.7,1787310866870,1787310867470,600.0,500.0,600.0,198.3,904.7,within
site-002,freq-prequal-b-run-1787309966,over-80,50080,1787310896853,1787310896869,-403.7,301.7,1787310896869,1787310897370,501.0,401.0,501.0,96.3,802.7,within
site-002,freq-prequal-b-run-1787309966,nominal-after-over-80,50000,1787311016866,1787311016969,-317.7,388.7,1787311016969,1787311017670,701.0,601.0,701.0,383.3,1089.7,within
site-002,freq-prequal-b-run-1787309966,down-80,49920,1787311046869,1787311046970,-319.7,386.7,1787311046970,1787311047770,800.0,700.0,800.0,480.3,1186.7,within
site-002,freq-prequal-b-run-1787309966,nominal-after-down-80,50000,1787311166878,1787311166970,-328.7,377.7,1787311166970,1787311167970,1000.0,900.0,1000.0,671.3,1377.7,within
site-002,freq-prequal-b-run-1787309966,over-120,50120,1787311196883,1787311196970,-333.7,372.7,1787311196970,1787311197270,300.0,200.0,300.0,-33.7,672.7,within
site-002,freq-prequal-b-run-1787309966,nominal-after-over-120,50000,1787311316891,1787311316970,-341.7,364.7,1787311316970,1787311317569,599.0,499.0,599.0,257.3,963.7,within
site-002,freq-prequal-b-run-1787309966,down-120,49880,1787311346892,1787311346970,-342.7,363.7,1787311346970,1787311347670,700.0,600.0,700.0,357.3,1063.7,within
site-002,freq-prequal-b-run-1787309966,nominal-after-down-120,50000,1787311466894,1787311466970,-344.7,361.7,1787311466970,1787311467769,799.0,700.0,799.0,455.3,1160.7,within
site-002,freq-prequal-b-run-1787309966,over-160,50160,1787311496902,1787311496970,-352.7,353.7,1787311496970,1787311497770,800.0,700.0,800.0,447.3,1153.7,within
site-002,freq-prequal-b-run-1787309966,nominal-after-over-160,50000,1787311616914,1787311616970,-364.7,341.7,1787311616970,1787311617470,500.0,400.0,500.0,135.3,841.7,within
site-002,freq-prequal-b-run-1787309966,down-160,49840,1787311646928,1787311646970,-378.7,327.7,1787311646970,1787311647569,599.0,500.0,599.0,221.3,926.7,within
site-002,freq-prequal-b-run-1787309966,back-at-nominal-hold,50000,1787311766939,1787311766970,-389.7,316.7,1787311766970,1787311767670,700.0,600.0,700.0,310.3,1016.7,within
