run_id,phase,freq_mhz,epoch_ms
freq-prequal-b-run-1787309966,baseline,50000,1787309966749
freq-prequal-b-run-1787309966,over-10,50010,1787309996754
freq-prequal-b-run-1787309966,nominal-after-over-10,50000,1787310116756
freq-prequal-b-run-1787309966,down-10,49990,1787310146768
freq-prequal-b-run-1787309966,nominal-after-down-10,50000,1787310266782
freq-prequal-b-run-1787309966,over-30,50030,1787310296783
freq-prequal-b-run-1787309966,nominal-after-over-30,50000,1787310416785
freq-prequal-b-run-1787309966,down-30,49970,1787310446789
freq-prequal-b-run-1787309966,nominal-after-down-30,50000,1787310566804
freq-prequal-b-run-1787309966,over-50,50050,1787310596819
freq-prequal-b-run-1787309966,nominal-after-over-50,50000,1787310716829
freq-prequal-b-run-1787309966,down-50,49950,1787310746844
freq-prequal-b-run-1787309966,nominal-after-down-50,50000,1787310866851
freq-prequal-b-run-1787309966,over-80,50080,1787310896853
freq-prequal-b-run-1787309966,nominal-after-over-80,50000,1787311016866
freq-prequal-b-run-1787309966,down-80,49920,1787311046869
freq-prequal-b-run-1787309966,nominal-after-down-80,50000,1787311166878
freq-prequal-b-run-1787309966,over-120,50120,1787311196883
freq-prequal-b-run-1787309966,nominal-after-over-120,50000,1787311316891
freq-prequal-b-run-1787309966,down-120,49880,1787311346892
freq-prequal-b-run-1787309966,nominal-after-down-120,50000,1787311466894
freq-prequal-b-run-1787309966,over-160,50160,1787311496902
freq-prequal-b-run-1787309966,nominal-after-over-160,50000,1787311616914
freq-prequal-b-run-1787309966,down-160,49840,1787311646928
freq-prequal-b-run-1787309966,back-at-nominal-hold,50000,1787311766939
