site_id,ts_s,freq_mhz,requested_w,actual_w,soc_pml,p_avail_w
site-001,1791338849,49900,0,0,500,50000
site-002,1791338849,49900,0,0,600,50000
site-001,1791338850,49900,0,0,500,50000
site-002,1791338850,49900,0,0,600,50000
site-001,1791338851,49900,14210,14200,500,50000
site-002,1791338851,49900,14210,14200,600,50000
site-001,1791338852,49900,14210,14200,500,50000
site-002,1791338852,49900,14210,14200,600,50000
site-001,1791338853,49900,14210,14200,500,50000
site-002,1791338853,49900,14210,14200,600,50000
site-001,1791338854,49900,14210,14200,500,50000
site-002,1791338854,49900,14210,14200,600,50000
site-001,1791338855,49900,14210,14200,500,50000
site-002,1791338855,49900,14210,14200,600,50000
site-001,1791338856,49900,14210,14200,500,50000
site-002,1791338856,49900,14210,14200,600,50000
site-001,1791338857,49900,14210,14200,500,50000
site-002,1791338857,49900,14210,14200,600,50000
site-001,1791338858,49900,14210,14200,500,50000
site-002,1791338858,49900,14210,14200,600,50000
site-001,1791338859,49900,14210,14200,500,50000
site-002,1791338859,49900,14210,14200,600,50000
site-001,1791338860,49900,14210,14200,500,50000
site-002,1791338860,49900,14210,14200,600,50000
site-001,1791338861,49900,14210,14200,500,50000
site-002,1791338861,49900,14210,14200,600,50000
site-001,1791338862,49900,14210,14200,500,50000
site-002,1791338862,49900,14210,14200,600,50000
site-001,1791338863,49900,14210,14200,500,50000
site-002,1791338863,49900,14210,14200,600,50000
site-001,1791338864,49900,14210,14200,499,50000
site-002,1791338864,49900,14210,14200,599,50000
site-001,1791338865,49900,14210,14200,499,50000
site-002,1791338865,49900,14210,14200,599,50000
site-001,1791338866,49900,14210,14200,499,50000
site-002,1791338866,49900,14210,14200,599,50000
site-001,1791338867,49900,14210,14200,499,50000
site-002,1791338867,49900,14210,14200,599,50000
site-001,1791338868,49900,14210,14200,499,50000
site-002,1791338868,49900,14210,14200,599,50000
site-001,1791338869,49900,14210,14200,499,50000
site-002,1791338869,49900,14210,14200,599,50000
site-001,1791338870,49900,14210,14200,499,50000
site-002,1791338870,49900,14210,14200,599,50000
site-001,1791338871,49900,14210,14200,499,50000
site-002,1791338871,49900,14210,14200,599,50000
site-001,1791338872,49900,14210,14200,499,50000
site-002,1791338872,49900,14210,14200,599,50000
site-001,1791338873,49900,14210,14200,499,50000
site-002,1791338873,49900,14210,14200,599,50000
site-001,1791338874,49900,14210,14200,499,50000
site-002,1791338874,49900,14210,14200,599,50000
site-001,1791338875,49900,14210,14200,499,50000
site-002,1791338875,49900,14210,14200,599,50000
site-001,1791338876,49900,14210,14200,499,50000
site-002,1791338876,49900,14210,14200,599,50000
site-001,1791338877,49900,14210,14200,499,50000
site-002,1791338877,49900,14210,14200,599,50000
site-001,1791338878,49900,14210,14200,499,50000
site-002,1791338878,49900,14210,14200,599,50000
site-001,1791338879,49900,14210,14200,499,50000
site-002,1791338879,49900,14210,14200,599,50000
site-001,1791338880,49900,14210,14200,499,50000
site-002,1791338880,49900,14210,14200,599,50000
site-001,1791338881,49900,14210,14200,499,50000
site-002,1791338881,49900,14210,14200,599,50000
site-001,1791338882,49900,14210,14200,499,50000
site-002,1791338882,49900,14210,14200,599,50000
site-001,1791338883,49900,14210,14200,499,50000
site-002,1791338883,49900,14210,14200,599,50000
site-001,1791338884,49900,14210,14200,499,50000
site-002,1791338884,49900,14210,14200,599,50000
site-001,1791338885,49900,14210,14200,499,50000
site-002,1791338885,49900,14210,14200,599,50000
site-001,1791338886,49900,14210,14200,499,50000
site-002,1791338886,49900,14210,14200,599,50000
site-001,1791338887,49900,14210,14200,499,50000
site-002,1791338887,49900,14210,14200,599,50000
site-001,1791338888,49900,14210,14200,499,50000
site-002,1791338888,49900,14210,14200,599,50000
site-001,1791338889,49900,14210,14200,498,50000
site-002,1791338889,49900,14210,14200,598,50000
site-001,1791338890,49900,14210,14200,498,50000
site-002,1791338890,49900,14210,14200,598,50000
site-001,1791338891,49900,14210,14200,498,50000
site-002,1791338891,49900,14210,14200,598,50000
site-001,1791338892,49900,14210,14200,498,50000
site-002,1791338892,49900,14210,14200,598,50000
site-001,1791338893,49900,14210,14200,498,50000
site-002,1791338893,49900,14210,14200,598,50000
site-001,1791338894,49900,14210,14200,498,50000
site-002,1791338894,49900,14210,14200,598,50000
site-001,1791338895,49900,14210,14200,498,50000
site-002,1791338895,49900,14210,14200,598,50000
site-001,1791338896,49900,14210,14200,498,50000
site-002,1791338896,49900,14210,14200,598,50000
site-001,1791338897,49900,14210,14200,498,50000
site-002,1791338897,49900,14210,14200,598,50000
site-001,1791338898,49900,14210,14200,498,50000
site-002,1791338898,49900,14210,14200,598,50000
site-001,1791338899,49900,14210,14200,498,50000
site-002,1791338899,49900,14210,14200,598,50000
site-001,1791338900,49900,14210,14200,498,50000
site-002,1791338900,49900,14210,14200,598,50000
site-001,1791338901,49900,14210,14200,498,50000
site-002,1791338901,49900,14210,14200,598,50000
site-001,1791338902,49900,14210,14200,498,50000
site-002,1791338902,49900,14210,14200,598,50000
site-001,1791338903,49900,14210,14200,498,50000
site-002,1791338903,49900,14210,14200,598,50000
site-001,1791338904,49900,14210,14200,498,50000
site-002,1791338904,49900,14210,14200,598,50000
site-001,1791338905,49900,14210,14200,498,50000
site-002,1791338905,49900,14210,14200,598,50000
site-001,1791338906,49900,14210,14200,498,50000
site-002,1791338906,49900,14210,14200,598,50000
site-001,1791338907,49900,14210,14200,498,50000
site-002,1791338907,49900,14210,14200,598,50000
site-001,1791338908,49900,14210,14200,498,50000
site-002,1791338908,49900,14210,14200,598,50000
site-001,1791338909,49900,14210,14200,498,50000
site-002,1791338909,49900,14210,14200,598,50000
site-001,1791338910,49900,14210,14200,498,50000
site-002,1791338910,49900,14210,14200,598,50000
site-001,1791338911,49900,14210,14200,498,50000
site-002,1791338911,49900,14210,14200,598,50000
site-001,1791338912,49900,14210,14200,498,50000
site-002,1791338912,49900,14210,14200,598,50000
site-001,1791338913,49900,14210,14200,498,50000
site-002,1791338913,49900,14210,14200,598,50000
site-001,1791338914,49900,14210,14200,498,50000
site-002,1791338914,49900,14210,14200,598,50000
site-001,1791338915,49900,14210,14200,497,50000
site-002,1791338915,49900,14210,14200,597,50000
site-001,1791338916,49900,14210,14200,497,50000
site-002,1791338916,49900,14210,14200,597,50000
site-001,1791338917,49900,14210,14200,497,50000
site-002,1791338917,49900,14210,14200,597,50000
site-001,1791338918,49900,14210,14200,497,50000
site-002,1791338918,49900,14210,14200,597,50000
site-001,1791338919,49900,14210,14200,497,50000
site-002,1791338919,49900,14210,14200,597,50000
site-001,1791338920,49900,14210,14200,497,50000
site-002,1791338920,49900,14210,14200,597,50000
site-001,1791338921,49900,14210,14200,497,50000
site-002,1791338921,49900,14210,14200,597,50000
site-001,1791338922,49900,14210,14200,497,50000
site-002,1791338922,49900,14210,14200,597,50000
site-001,1791338923,49900,14210,14200,497,50000
site-002,1791338923,49900,14210,14200,597,50000
site-001,1791338924,49900,14210,14200,497,50000
site-002,1791338924,49900,14210,14200,597,50000
site-001,1791338925,49900,14210,14200,497,50000
site-002,1791338925,49900,14210,14200,597,50000
site-001,1791338926,49900,14210,14200,497,50000
site-002,1791338926,49900,14210,14200,597,50000
site-001,1791338927,49900,14210,14200,497,50000
site-002,1791338927,49900,14210,14200,597,50000
site-001,1791338928,49900,14210,14200,497,50000
site-002,1791338928,49900,14210,14200,597,50000
site-001,1791338929,49900,14210,14200,497,50000
site-002,1791338929,49900,14210,14200,597,50000
site-001,1791338930,49900,14210,14200,497,50000
site-002,1791338930,49900,14210,14200,597,50000
site-001,1791338931,49900,14210,14200,497,50000
site-002,1791338931,49900,14210,14200,597,50000
site-001,1791338932,49900,14210,14200,497,50000
site-002,1791338932,49900,14210,14200,597,50000
site-001,1791338933,49900,14210,14200,497,50000
site-002,1791338933,49900,14210,14200,597,50000
site-001,1791338934,49900,14210,14200,497,50000
site-002,1791338934,49900,14210,14200,597,50000
site-001,1791338935,49900,14210,14200,497,50000
site-002,1791338935,49900,14210,14200,597,50000
site-001,1791338936,49900,14210,14200,497,50000
site-002,1791338936,49900,14210,14200,597,50000
site-001,1791338937,49900,14210,14200,497,50000
site-002,1791338937,49900,14210,14200,597,50000
site-001,1791338938,49900,14210,14200,497,50000
site-002,1791338938,49900,14210,14200,597,50000
site-001,1791338939,49900,14210,14200,497,50000
site-002,1791338939,49900,14210,14200,597,50000
site-001,1791338940,49900,14210,14200,496,50000
site-002,1791338940,49900,14210,14200,596,50000
site-001,1791338941,49900,14210,14200,496,50000
site-002,1791338941,49900,14210,14200,596,50000
site-001,1791338942,49900,14210,14200,496,50000
site-002,1791338942,49900,14210,14200,596,50000
site-001,1791338943,49900,14210,14200,496,50000
site-002,1791338943,49900,14210,14200,596,50000
site-001,1791338944,49900,14210,14200,496,50000
site-002,1791338944,49900,14210,14200,596,50000
site-001,1791338945,49900,14210,14200,496,50000
site-002,1791338945,49900,14210,14200,596,50000
site-001,1791338946,49900,14210,14200,496,50000
site-002,1791338946,49900,14210,14200,596,50000
site-001,1791338947,49900,14210,14200,496,50000
site-002,1791338947,49900,14210,14200,596,50000
site-001,1791338948,49900,23684,23700,496,50000
site-002,1791338948,49900,14210,14200,596,50000
site-001,1791338949,49900,23684,23700,496,50000
site-002,1791338949,49900,14210,14200,596,50000
site-001,1791338950,49900,23684,23700,496,50000
site-002,1791338950,49900,14210,14200,596,50000
site-001,1791338951,49900,23684,23700,496,50000
site-002,1791338951,49900,14210,14200,596,50000
site-001,1791338952,49900,23684,23700,496,50000
site-002,1791338952,49900,14210,14200,596,50000
site-001,1791338953,49900,23684,23700,496,50000
site-002,1791338953,49900,14210,14200,596,50000
site-001,1791338954,49900,23684,23700,496,50000
site-002,1791338954,49900,14210,14200,596,50000
site-001,1791338955,49900,23684,23700,496,50000
site-002,1791338955,49900,14210,14200,596,50000
site-001,1791338956,49900,23684,23700,496,50000
site-002,1791338956,49900,14210,14200,596,50000
site-001,1791338957,49900,23684,23700,496,50000
site-002,1791338957,49900,14210,14200,596,50000
site-001,1791338958,49900,23684,23700,496,50000
site-002,1791338958,49900,14210,14200,596,50000
site-001,1791338959,49900,23684,23700,495,50000
site-002,1791338959,49900,14210,14200,596,50000
site-001,1791338960,49900,23684,23700,495,50000
site-002,1791338960,49900,14210,14200,596,50000
site-001,1791338961,49900,23684,23700,495,50000
site-002,1791338961,49900,14210,14200,596,50000
site-001,1791338962,49900,23684,23700,495,50000
site-002,1791338962,49900,14210,14200,596,50000
site-001,1791338963,49900,23684,23700,495,50000
site-002,1791338963,49900,14210,14200,596,50000
site-001,1791338964,49900,23684,23700,495,50000
site-002,1791338964,49900,14210,14200,596,50000
site-001,1791338965,49900,23684,23700,495,50000
site-002,1791338965,49900,14210,14200,595,50000
site-001,1791338966,49900,23684,23700,495,50000
site-002,1791338966,49900,14210,14200,595,50000
site-001,1791338967,49900,23684,23700,495,50000
site-002,1791338967,49900,14210,14200,595,50000
site-001,1791338968,49900,23684,23700,495,50000
site-002,1791338968,49900,14210,14200,595,50000
site-001,1791338969,49900,23684,23700,495,50000
site-002,1791338969,49900,14210,14200,595,50000
site-001,1791338970,49900,23684,23700,495,50000
site-002,1791338970,49900,14210,14200,595,50000
site-001,1791338971,49900,23684,23700,495,50000
site-002,1791338971,49900,14210,14200,595,50000
site-001,1791338972,49900,23684,23700,495,50000
site-002,1791338972,49900,14210,14200,595,50000
site-001,1791338973,49900,23684,23700,495,50000
site-002,1791338973,49900,14210,14200,595,50000
site-001,1791338974,49900,23684,23700,494,50000
site-002,1791338974,49900,14210,14200,595,50000
site-001,1791338975,49900,23684,23700,494,50000
site-002,1791338975,49900,14210,14200,595,50000
site-001,1791338976,49900,23684,23700,494,50000
site-002,1791338976,49900,14210,14200,595,50000
site-001,1791338977,49900,23684,23700,494,50000
site-002,1791338977,49900,14210,14200,595,50000
site-001,1791338978,49900,23684,23700,494,50000
site-002,1791338978,49900,14210,14200,595,50000
site-001,1791338979,49900,23684,23700,494,50000
site-002,1791338979,49900,14210,14200,595,50000
site-001,1791338980,49900,23684,23700,494,50000
site-002,1791338980,49900,14210,14200,595,50000
site-001,1791338981,49900,23684,23700,494,50000
site-002,1791338981,49900,14210,14200,595,50000
site-001,1791338982,49900,23684,23700,494,50000
site-002,1791338982,49900,14210,14200,595,50000
site-001,1791338983,49900,23684,23700,494,50000
site-002,1791338983,49900,14210,14200,595,50000
site-001,1791338984,49900,23684,23700,494,50000
site-002,1791338984,49900,14210,14200,595,50000
site-001,1791338985,49900,23684,23700,494,50000
site-002,1791338985,49900,14210,14200,595,50000
site-001,1791338986,49900,23684,23700,494,50000
site-002,1791338986,49900,14210,14200,595,50000
site-001,1791338987,49900,23684,23700,494,50000
site-002,1791338987,49900,14210,14200,595,50000
site-001,1791338988,49900,23684,23700,494,50000
site-002,1791338988,49900,14210,14200,595,50000
site-001,1791338989,49900,23684,23700,493,50000
site-002,1791338989,49900,14210,14200,595,50000
site-001,1791338990,49900,23684,23700,493,50000
site-002,1791338990,49900,14210,14200,595,50000
site-001,1791338991,49900,23684,23700,493,50000
site-002,1791338991,49900,14210,14200,594,50000
site-001,1791338992,49900,23684,23700,493,50000
site-002,1791338992,49900,14210,14200,594,50000
site-001,1791338993,49900,23684,23700,493,50000
site-002,1791338993,49900,14210,14200,594,50000
site-001,1791338994,49900,23684,23700,493,50000
site-002,1791338994,49900,14210,14200,594,50000
site-001,1791338995,49900,23684,23700,493,50000
site-002,1791338995,49900,14210,14200,594,50000
site-001,1791338996,49900,23684,23700,493,50000
site-002,1791338996,49900,14210,14200,594,50000
site-001,1791338997,49900,23684,23700,493,50000
site-002,1791338997,49900,14210,14200,594,50000
site-001,1791338998,49900,23684,23700,493,50000
site-002,1791338998,49900,14210,14200,594,50000
site-001,1791338999,49900,23684,23700,493,50000
site-002,1791338999,49900,14210,14200,594,50000
site-001,1791339000,49900,23684,23700,493,50000
site-002,1791339000,49900,14210,14200,594,50000
site-001,1791339001,49900,23684,23700,493,50000
site-002,1791339001,49900,14210,14200,594,50000
site-001,1791339002,49900,23684,23700,493,50000
site-002,1791339002,49900,14210,14200,594,50000
site-001,1791339003,49900,23684,23700,493,50000
site-002,1791339003,49900,14210,14200,594,50000
site-001,1791339004,49900,23684,23700,492,50000
site-002,1791339004,49900,14210,14200,594,50000
site-001,1791339005,49900,23684,23700,492,50000
site-002,1791339005,49900,14210,14200,594,50000
site-001,1791339006,49900,23684,23700,492,50000
site-002,1791339006,49900,14210,14200,594,50000
site-001,1791339007,49900,23684,23700,492,50000
site-002,1791339007,49900,14210,14200,594,50000
site-001,1791339008,49900,23684,23700,492,50000
site-002,1791339008,49900,14210,14200,594,50000
site-001,1791339009,49900,23684,23700,492,50000
site-002,1791339009,49900,14210,14200,594,50000
site-001,1791339010,49900,23684,23700,492,50000
site-002,1791339010,49900,14210,14200,594,50000
site-001,1791339011,49900,23684,23700,492,50000
site-002,1791339011,49900,14210,14200,594,50000
site-001,1791339012,49900,23684,23700,492,50000
site-002,1791339012,49900,14210,14200,594,50000
site-001,1791339013,49900,23684,23700,492,50000
site-002,1791339013,49900,14210,14200,594,50000
site-001,1791339014,49900,23684,23700,492,50000
site-002,1791339014,49900,14210,14200,594,50000
site-001,1791339015,49900,23684,23700,492,50000
site-002,1791339015,49900,14210,14200,594,50000
site-001,1791339016,49900,23684,23700,492,50000
site-002,1791339016,49900,14210,14200,593,50000
site-001,1791339017,49900,23684,23700,492,50000
site-002,1791339017,49900,14210,14200,593,50000
site-001,1791339018,49900,23684,23700,492,50000
site-002,1791339018,49900,14210,14200,593,50000
site-001,1791339019,49900,23684,23700,491,50000
site-002,1791339019,49900,14210,14200,593,50000
site-001,1791339020,49900,23684,23700,491,50000
site-002,1791339020,49900,14210,14200,593,50000
site-001,1791339021,49900,23684,23700,491,50000
site-002,1791339021,49900,14210,14200,593,50000
site-001,1791339022,49900,23684,23700,491,50000
site-002,1791339022,49900,14210,14200,593,50000
site-001,1791339023,49900,23684,23700,491,50000
site-002,1791339023,49900,14210,14200,593,50000
site-001,1791339024,49900,23684,23700,491,50000
site-002,1791339024,49900,14210,14200,593,50000
site-001,1791339025,49900,23684,23700,491,50000
site-002,1791339025,49900,14210,14200,593,50000
site-001,1791339026,49900,23684,23700,491,50000
site-002,1791339026,49900,14210,14200,593,50000
site-001,1791339027,49900,23684,23700,491,50000
site-002,1791339027,49900,14210,14200,593,50000
site-001,1791339028,49900,23684,23700,491,50000
site-002,1791339028,49900,14210,14200,593,50000
site-001,1791339029,49900,23684,23700,491,50000
site-002,1791339029,49900,14210,14200,593,50000
site-001,1791339030,49900,23684,23700,491,50000
site-002,1791339030,49900,14210,14200,593,50000
site-001,1791339031,49900,23684,23700,491,50000
site-002,1791339031,49900,14210,14200,593,50000
site-001,1791339032,49900,23684,23700,491,50000
site-002,1791339032,49900,14210,14200,593,50000
site-001,1791339033,49900,23684,23700,491,50000
site-002,1791339033,49900,14210,14200,593,50000
site-001,1791339034,49900,23684,23700,490,50000
site-002,1791339034,49900,14210,14200,593,50000
site-001,1791339035,49900,23684,23700,490,50000
site-002,1791339035,49900,14210,14200,593,50000
site-001,1791339036,49900,23684,23700,490,50000
site-002,1791339036,49900,14210,14200,593,50000
site-001,1791339037,49900,23684,23700,490,50000
site-002,1791339037,49900,14210,14200,593,50000
site-001,1791339038,49900,23684,23700,490,50000
site-002,1791339038,49900,14210,14200,593,50000
site-001,1791339039,49900,23684,23700,490,50000
site-002,1791339039,49900,14210,14200,593,50000
site-001,1791339040,49900,23684,23700,490,50000
site-002,1791339040,49900,14210,14200,593,50000
site-001,1791339041,49900,23684,23700,490,50000
site-002,1791339041,49900,14210,14200,592,50000
site-001,1791339042,49900,23684,23700,490,50000
site-002,1791339042,49900,14210,14200,592,50000
site-001,1791339043,49900,23684,23700,490,50000
site-002,1791339043,49900,14210,14200,592,50000
site-001,1791339044,49900,23684,23700,490,50000
site-002,1791339044,49900,14210,14200,592,50000
site-001,1791339045,49900,23684,23700,490,50000
site-002,1791339045,49900,14210,14200,592,50000
site-001,1791339046,49900,23684,23700,490,50000
site-002,1791339046,49900,14210,14200,592,50000
site-001,1791339047,49900,23684,23700,490,50000
site-002,1791339047,49900,14210,14200,592,50000
site-001,1791339048,49900,23684,23700,490,50000
site-002,1791339048,49900,14210,14200,592,50000
site-001,1791339049,49900,23684,23700,490,50000
site-002,1791339049,49900,14210,14200,592,50000
site-001,1791339050,49900,23684,23700,489,50000
site-002,1791339050,49900,14210,14200,592,50000
site-001,1791339051,49900,23684,23700,489,50000
site-002,1791339051,49900,14210,14200,592,50000
site-001,1791339052,49900,23684,23700,489,50000
site-002,1791339052,49900,14210,14200,592,50000
site-001,1791339053,49900,23684,23700,489,50000
site-002,1791339053,49900,14210,14200,592,50000
site-001,1791339054,49900,23684,23700,489,50000
site-002,1791339054,49900,14210,14200,592,50000
site-001,1791339055,49900,23684,23700,489,50000
site-002,1791339055,49900,14210,14200,592,50000
site-001,1791339056,49900,23684,23700,489,50000
site-002,1791339056,49900,14210,14200,592,50000
site-001,1791339057,49900,23684,23700,489,50000
site-002,1791339057,49900,14210,14200,592,50000
site-001,1791339058,49900,23684,23700,489,50000
site-002,1791339058,49900,14210,14200,592,50000
site-001,1791339059,49900,23684,23700,489,50000
site-002,1791339059,49900,14210,14200,592,50000
site-001,1791339060,49900,23684,23700,489,50000
site-002,1791339060,49900,14210,14200,592,50000
site-001,1791339061,49900,23684,23700,489,50000
site-002,1791339061,49900,14210,14200,592,50000
site-001,1791339062,49900,23684,23700,489,50000
site-002,1791339062,49900,14210,14200,592,50000
site-001,1791339063,49900,23684,23700,489,50000
site-002,1791339063,49900,14210,14200,592,50000
site-001,1791339064,49900,23684,23700,489,50000
site-002,1791339064,49900,14210,14200,592,50000
site-001,1791339065,49900,23684,23700,488,50000
site-002,1791339065,49900,14210,14200,592,50000
site-001,1791339066,49900,23684,23700,488,50000
site-002,1791339066,49900,14210,14200,592,50000
site-001,1791339067,49900,23684,23700,488,50000
site-002,1791339067,49900,14210,14200,591,50000
site-001,1791339068,49900,23684,23700,488,50000
site-002,1791339068,49900,14210,14200,591,50000
site-001,1791339069,49900,23684,23700,488,50000
site-002,1791339069,49900,14210,14200,591,50000
site-001,1791339070,49900,23684,23700,488,50000
site-002,1791339070,49900,14210,14200,591,50000
site-001,1791339071,49900,23684,23700,488,50000
site-002,1791339071,49900,14210,14200,591,50000
site-001,1791339072,49900,23684,23700,488,50000
site-002,1791339072,49900,14210,14200,591,50000
site-001,1791339073,49900,23684,23700,488,50000
site-002,1791339073,49900,14210,14200,591,50000
site-001,1791339074,49900,23684,23700,488,50000
site-002,1791339074,49900,14210,14200,591,50000
site-001,1791339075,49900,23684,23700,488,50000
site-002,1791339075,49900,14210,14200,591,50000
site-001,1791339076,49900,23684,23700,488,50000
site-002,1791339076,49900,14210,14200,591,50000
site-001,1791339077,49900,23684,23700,488,50000
site-002,1791339077,49900,14210,14200,591,50000
site-001,1791339078,49900,23684,23700,488,50000
site-002,1791339078,49900,14210,14200,591,50000
site-001,1791339079,49900,23684,23700,488,50000
site-002,1791339079,49900,14210,14200,591,50000
site-001,1791339080,49900,23684,23700,487,50000
site-002,1791339080,49900,14210,14200,591,50000
site-001,1791339081,49900,23684,23700,487,50000
site-002,1791339081,49900,14210,14200,591,50000
site-001,1791339082,49900,23684,23700,487,50000
site-002,1791339082,49900,14210,14200,591,50000
site-001,1791339083,49900,23684,23700,487,50000
site-002,1791339083,49900,14210,14200,591,50000
site-001,1791339084,49900,23684,23700,487,50000
site-002,1791339084,49900,14210,14200,591,50000
site-001,1791339085,49900,23684,23700,487,50000
site-002,1791339085,49900,14210,14200,591,50000
site-001,1791339086,49900,23684,23700,487,50000
site-002,1791339086,49900,14210,14200,591,50000
site-001,1791339087,49900,23684,23700,487,50000
site-002,1791339087,49900,14210,14200,591,50000
site-001,1791339088,49900,23684,23700,487,50000
site-002,1791339088,49900,14210,14200,591,50000
site-001,1791339089,49900,23684,23700,487,50000
site-002,1791339089,49900,14210,14200,591,50000
site-001,1791339090,49900,23684,23700,487,50000
site-002,1791339090,49900,14210,14200,591,50000
site-001,1791339091,49900,23684,23700,487,50000
site-002,1791339091,49900,14210,14200,591,50000
site-001,1791339092,49900,23684,23700,487,50000
site-002,1791339092,49900,14210,14200,590,50000
site-001,1791339093,49900,23684,23700,487,50000
site-002,1791339093,49900,14210,14200,590,50000
site-001,1791339094,49900,23684,23700,487,50000
site-002,1791339094,49900,14210,14200,590,50000
site-001,1791339095,49900,23684,23700,486,50000
site-002,1791339095,49900,14210,14200,590,50000
site-001,1791339096,49900,23684,23700,486,50000
site-002,1791339096,49900,14210,14200,590,50000
site-001,1791339097,49900,23684,23700,486,50000
site-002,1791339097,49900,14210,14200,590,50000
site-001,1791339098,49900,23684,23700,486,50000
site-002,1791339098,49900,14210,14200,590,50000
site-001,1791339099,49900,23684,23700,486,50000
site-002,1791339099,49900,14210,14200,590,50000
site-001,1791339100,49900,23684,23700,486,50000
site-002,1791339100,49900,14210,14200,590,50000
site-001,1791339101,49900,23684,23700,486,50000
site-002,1791339101,49900,14210,14200,590,50000
site-001,1791339102,49900,23684,23700,486,50000
site-002,1791339102,49900,14210,14200,590,50000
site-001,1791339103,49900,23684,23700,486,50000
site-002,1791339103,49900,14210,14200,590,50000
site-001,1791339104,49900,23684,23700,486,50000
site-002,1791339104,49900,14210,14200,590,50000
site-001,1791339105,49900,23684,23700,486,50000
site-002,1791339105,49900,14210,14200,590,50000
site-001,1791339106,49900,23684,23700,486,50000
site-002,1791339106,49900,14210,14200,590,50000
site-001,1791339107,49900,23684,23700,486,50000
site-002,1791339107,49900,14210,14200,590,50000
site-001,1791339108,49900,23684,23700,486,50000
site-002,1791339108,49900,14210,14200,590,50000
site-001,1791339109,49900,23684,23700,486,50000
site-002,1791339109,49900,14210,14200,590,50000
site-001,1791339110,49900,23684,23700,485,50000
site-002,1791339110,49900,14210,14200,590,50000
site-001,1791339111,49900,23684,23700,485,50000
site-002,1791339111,49900,14210,14200,590,50000
site-001,1791339112,49900,23684,23700,485,50000
site-002,1791339112,49900,14210,14200,590,50000
site-001,1791339113,49900,23684,23700,485,50000
site-002,1791339113,49900,14210,14200,590,50000
site-001,1791339114,49900,23684,23700,485,50000
site-002,1791339114,49900,14210,14200,590,50000
site-001,1791339115,49900,23684,23700,485,50000
site-002,1791339115,49900,14210,14200,590,50000
site-001,1791339116,49900,23684,23700,485,50000
site-002,1791339116,49900,14210,14200,590,50000
site-001,1791339117,49900,23684,23700,485,50000
site-002,1791339117,49900,14210,14200,589,50000
site-001,1791339118,49900,23684,23700,485,50000
site-002,1791339118,49900,14210,14200,589,50000
site-001,1791339119,49900,23684,23700,485,50000
site-002,1791339119,49900,14210,14200,589,50000
site-001,1791339120,49900,23684,23700,485,50000
site-002,1791339120,49900,14210,14200,589,50000
site-001,1791339121,49900,23684,23700,485,50000
site-002,1791339121,49900,14210,14200,589,50000
site-001,1791339122,49900,23684,23700,485,50000
site-002,1791339122,49900,14210,14200,589,50000
site-001,1791339123,49900,23684,23700,485,50000
site-002,1791339123,49900,14210,14200,589,50000
site-001,1791339124,49900,23684,23700,485,50000
site-002,1791339124,49900,14210,14200,589,50000
site-001,1791339125,49900,23684,23700,485,50000
site-002,1791339125,49900,14210,14200,589,50000
site-001,1791339126,49900,23684,23700,484,50000
site-002,1791339126,49900,14210,14200,589,50000
site-001,1791339127,49900,23684,23700,484,50000
site-002,1791339127,49900,14210,14200,589,50000
site-001,1791339128,49900,23684,23700,484,50000
site-002,1791339128,49900,14210,14200,589,50000
site-001,1791339129,49900,23684,23700,484,50000
site-002,1791339129,49900,14210,14200,589,50000
site-001,1791339130,49900,23684,23700,484,50000
site-002,1791339130,49900,14210,14200,589,50000
site-001,1791339131,49900,23684,23700,484,50000
site-002,1791339131,49900,14210,14200,589,50000
site-001,1791339132,49900,23684,23700,484,50000
site-002,1791339132,49900,14210,14200,589,50000
site-001,1791339133,49900,23684,23700,484,50000
site-002,1791339133,49900,14210,14200,589,50000
site-001,1791339134,49900,23684,23700,484,50000
site-002,1791339134,49900,14210,14200,589,50000
site-001,1791339135,49900,23684,23700,484,50000
site-002,1791339135,49900,14210,14200,589,50000
site-001,1791339136,49900,23684,23700,484,50000
site-002,1791339136,49900,14210,14200,589,50000
site-001,1791339137,49900,23684,23700,484,50000
site-002,1791339137,49900,14210,14200,589,50000
site-001,1791339138,49900,23684,23700,484,50000
site-002,1791339138,49900,14210,14200,589,50000
site-001,1791339139,49900,23684,23700,484,50000
site-002,1791339139,49900,14210,14200,589,50000
site-001,1791339140,49900,23684,23700,484,50000
site-002,1791339140,49900,14210,14200,589,50000
site-001,1791339141,49900,23684,23700,483,50000
site-002,1791339141,49900,14210,14200,589,50000
site-001,1791339142,49900,23684,23700,483,50000
site-002,1791339142,49900,14210,14200,589,50000
site-001,1791339143,49900,23684,23700,483,50000
site-002,1791339143,49900,14210,14200,588,50000
site-001,1791339144,49900,23684,23700,483,50000
site-002,1791339144,49900,14210,14200,588,50000
site-001,1791339145,49900,23684,23700,483,50000
site-002,1791339145,49900,14210,14200,588,50000
site-001,1791339146,49900,23684,23700,483,50000
site-002,1791339146,49900,14210,14200,588,50000
site-001,1791339147,49900,23684,23700,483,50000
site-002,1791339147,49900,14210,14200,588,50000
site-001,1791339148,49900,23684,23700,483,50000
site-002,1791339148,49900,14210,14200,588,50000
site-001,1791339149,49900,23684,23700,483,50000
site-002,1791339149,49900,14210,14200,588,50000
site-001,1791339150,49900,23684,23700,483,50000
site-002,1791339150,49900,14210,14200,588,50000
site-001,1791339151,49900,23684,23700,483,50000
site-002,1791339151,49900,14210,14200,588,50000
site-001,1791339152,49900,23684,23700,483,50000
site-002,1791339152,49900,14210,14200,588,50000
site-001,1791339153,49900,23684,23700,483,50000
site-002,1791339153,49900,14210,14200,588,50000
site-001,1791339154,49900,23684,23700,483,50000
site-002,1791339154,49900,14210,14200,588,50000
site-001,1791339155,49900,23684,23700,483,50000
site-002,1791339155,49900,14210,14200,588,50000
site-001,1791339156,49900,23684,23700,482,50000
site-002,1791339156,49900,14210,14200,588,50000
site-001,1791339157,49900,23684,23700,482,50000
site-002,1791339157,49900,14210,14200,588,50000
site-001,1791339158,49900,23684,23700,482,50000
site-002,1791339158,49900,14210,14200,588,50000
site-001,1791339159,49900,23684,23700,482,50000
site-002,1791339159,49900,14210,14200,588,50000
site-001,1791339160,49900,23684,23700,482,50000
site-002,1791339160,49900,14210,14200,588,50000
site-001,1791339161,49900,23684,23700,482,50000
site-002,1791339161,49900,14210,14200,588,50000
site-001,1791339162,49900,23684,23700,482,50000
site-002,1791339162,49900,14210,14200,588,50000
site-001,1791339163,49900,23684,23700,482,50000
site-002,1791339163,49900,14210,14200,588,50000
site-001,1791339164,49900,23684,23700,482,50000
site-002,1791339164,49900,14210,14200,588,50000
site-001,1791339165,49900,23684,23700,482,50000
site-002,1791339165,49900,14210,14200,588,50000
site-001,1791339166,49900,23684,23700,482,50000
site-002,1791339166,49900,14210,14200,588,50000
site-001,1791339167,49900,23684,23700,482,50000
site-002,1791339167,49900,14210,14200,588,50000
site-001,1791339168,49900,23684,23700,482,50000
site-002,1791339168,49900,14210,14200,587,50000
site-001,1791339169,49900,23684,23700,482,50000
site-002,1791339169,49900,14210,14200,587,50000
site-001,1791339170,49900,23684,23700,482,50000
site-002,1791339170,49900,14210,14200,587,50000
site-001,1791339171,49900,23684,23700,481,50000
site-002,1791339171,49900,14210,14200,587,50000
site-001,1791339172,49900,23684,23700,481,50000
site-002,1791339172,49900,14210,14200,587,50000
site-001,1791339173,49900,23684,23700,481,50000
site-002,1791339173,49900,14210,14200,587,50000
site-001,1791339174,49900,23684,23700,481,50000
site-002,1791339174,49900,14210,14200,587,50000
site-001,1791339175,49900,23684,23700,481,50000
site-002,1791339175,49900,14210,14200,587,50000
site-001,1791339176,49900,23684,23700,481,50000
site-002,1791339176,49900,14210,14200,587,50000
site-001,1791339177,49900,23684,23700,481,50000
site-002,1791339177,49900,14210,14200,587,50000
site-001,1791339178,49900,23684,23700,481,50000
site-002,1791339178,49900,14210,14200,587,50000
site-001,1791339179,49900,23684,23700,481,50000
site-002,1791339179,49900,14210,14200,587,50000
site-001,1791339180,49900,23684,23700,481,50000
site-002,1791339180,49900,14210,14200,587,50000
site-001,1791339181,49900,23684,23700,481,50000
site-002,1791339181,49900,14210,14200,587,50000
site-001,1791339182,49900,23684,23700,481,50000
site-002,1791339182,49900,14210,14200,587,50000
site-001,1791339183,49900,23684,23700,481,50000
site-002,1791339183,49900,14210,14200,587,50000
site-001,1791339184,49900,23684,23700,481,50000
site-002,1791339184,49900,14210,14200,587,50000
site-001,1791339185,49900,23684,23700,481,50000
site-002,1791339185,49900,14210,14200,587,50000
site-001,1791339186,49900,23684,23700,480,50000
site-002,1791339186,49900,14210,14200,587,50000
site-001,1791339187,49900,23684,23700,480,50000
site-002,1791339187,49900,14210,14200,587,50000
site-001,1791339188,49900,23684,23700,480,50000
site-002,1791339188,49900,14210,14200,587,50000
site-001,1791339189,49900,23684,23700,480,50000
site-002,1791339189,49900,14210,14200,587,50000
site-001,1791339190,49900,23684,23700,480,50000
site-002,1791339190,49900,14210,14200,587,50000
site-001,1791339191,49900,23684,23700,480,50000
site-002,1791339191,49900,14210,14200,587,50000
site-001,1791339192,49900,23684,23700,480,50000
site-002,1791339192,49900,14210,14200,587,50000
site-001,1791339193,49900,23684,23700,480,50000
site-002,1791339193,49900,14210,14200,586,50000
site-001,1791339194,49900,23684,23700,480,50000
site-002,1791339194,49900,14210,14200,586,50000
site-001,1791339195,49900,23684,23700,480,50000
site-002,1791339195,49900,14210,14200,586,50000
site-001,1791339196,49900,23684,23700,480,50000
site-002,1791339196,49900,14210,14200,586,50000
site-001,1791339197,49900,23684,23700,480,50000
site-002,1791339197,49900,14210,14200,586,50000
site-001,1791339198,49900,23684,23700,480,50000
site-002,1791339198,49900,14210,14200,586,50000
site-001,1791339199,49900,23684,23700,480,50000
site-002,1791339199,49900,14210,14200,586,50000
site-001,1791339200,49900,23684,23700,480,50000
site-002,1791339200,49900,14210,14200,586,50000
site-001,1791339201,49900,23684,23700,480,50000
site-002,1791339201,49900,14210,14200,586,50000
site-001,1791339202,49900,23684,23700,479,50000
site-002,1791339202,49900,14210,14200,586,50000
site-001,1791339203,49900,23684,23700,479,50000
site-002,1791339203,49900,14210,14200,586,50000
site-001,1791339204,49900,23684,23700,479,50000
site-002,1791339204,49900,14210,14200,586,50000
site-001,1791339205,49900,23684,23700,479,50000
site-002,1791339205,49900,14210,14200,586,50000
site-001,1791339206,49900,23684,23700,479,50000
site-002,1791339206,49900,14210,14200,586,50000
site-001,1791339207,49900,23684,23700,479,50000
site-002,1791339207,49900,14210,14200,586,50000
site-001,1791339208,49900,23684,23700,479,50000
site-002,1791339208,49900,14210,14200,586,50000
site-001,1791339209,49900,23684,23700,479,50000
site-002,1791339209,49900,14210,14200,586,50000
site-001,1791339210,49900,23684,23700,479,50000
site-002,1791339210,49900,14210,14200,586,50000
site-001,1791339211,49900,23684,23700,479,50000
site-002,1791339211,49900,14210,14200,586,50000
site-001,1791339212,49900,23684,23700,479,50000
site-002,1791339212,49900,14210,14200,586,50000
site-001,1791339213,49900,23684,23700,479,50000
site-002,1791339213,49900,14210,14200,586,50000
site-001,1791339214,49900,23684,23700,479,50000
site-002,1791339214,49900,14210,14200,586,50000
site-001,1791339215,49900,23684,23700,479,50000
site-002,1791339215,49900,14210,14200,586,50000
site-001,1791339216,49900,23684,23700,479,50000
site-002,1791339216,49900,14210,14200,586,50000
site-001,1791339217,49900,23684,23700,478,50000
site-002,1791339217,49900,14210,14200,586,50000
site-001,1791339218,49900,23684,23700,478,50000
site-002,1791339218,49900,14210,14200,586,50000
site-001,1791339219,49900,23684,23700,478,50000
site-002,1791339219,49900,14210,14200,585,50000
site-001,1791339220,49900,23684,23700,478,50000
site-002,1791339220,49900,14210,14200,585,50000
site-001,1791339221,49900,23684,23700,478,50000
site-002,1791339221,49900,14210,14200,585,50000
site-001,1791339222,49900,23684,23700,478,50000
site-002,1791339222,49900,14210,14200,585,50000
site-001,1791339223,49900,23684,23700,478,50000
site-002,1791339223,49900,14210,14200,585,50000
site-001,1791339224,49900,23684,23700,478,50000
site-002,1791339224,49900,14210,14200,585,50000
site-001,1791339225,49900,23684,23700,478,50000
site-002,1791339225,49900,14210,14200,585,50000
site-001,1791339226,49900,23684,23700,478,50000
site-002,1791339226,49900,14210,14200,585,50000
site-001,1791339227,49900,23684,23700,478,50000
site-002,1791339227,49900,14210,14200,585,50000
site-001,1791339228,49900,23684,23700,478,50000
site-002,1791339228,49900,14210,14200,585,50000
site-001,1791339229,49900,23684,23700,478,50000
site-002,1791339229,49900,14210,14200,585,50000
site-001,1791339230,49900,23684,23700,478,50000
site-002,1791339230,49900,14210,14200,585,50000
site-001,1791339231,49900,23684,23700,478,50000
site-002,1791339231,49900,14210,14200,585,50000
site-001,1791339232,49900,23684,23700,477,50000
site-002,1791339232,49900,14210,14200,585,50000
site-001,1791339233,49900,23684,23700,477,50000
site-002,1791339233,49900,14210,14200,585,50000
site-001,1791339234,49900,23684,23700,477,50000
site-002,1791339234,49900,14210,14200,585,50000
site-001,1791339235,49900,23684,23700,477,50000
site-002,1791339235,49900,14210,14200,585,50000
site-001,1791339236,49900,23684,23700,477,50000
site-002,1791339236,49900,14210,14200,585,50000
site-001,1791339237,49900,23684,23700,477,50000
site-002,1791339237,49900,14210,14200,585,50000
site-001,1791339238,49900,23684,23700,477,50000
site-002,1791339238,49900,14210,14200,585,50000
site-001,1791339239,49900,23684,23700,477,50000
site-002,1791339239,49900,0,0,585,50000
site-001,1791339240,49900,23684,23700,477,50000
site-002,1791339240,49900,0,0,585,50000
site-001,1791339241,49900,23684,23700,477,50000
site-002,1791339241,49900,0,0,585,50000
site-001,1791339242,49900,23684,23700,477,50000
site-002,1791339242,49900,0,0,585,50000
site-001,1791339243,49900,23684,23700,477,50000
site-002,1791339243,49900,0,0,585,50000
site-001,1791339244,49900,23684,23700,477,50000
site-002,1791339244,49900,0,0,585,50000
site-001,1791339245,49900,23684,23700,477,50000
site-002,1791339245,49900,0,0,585,50000
site-001,1791339246,49900,23684,23700,477,50000
site-002,1791339246,49900,0,0,585,50000
site-001,1791339247,49900,23684,23700,476,50000
site-002,1791339247,49900,0,0,585,50000
site-001,1791339248,49900,23684,23700,476,50000
site-002,1791339248,49900,0,0,585,50000
site-001,1791339249,49900,23684,23700,476,50000
site-002,1791339249,49900,0,0,585,50000
site-001,1791339250,49900,23684,23700,476,50000
site-002,1791339250,49900,0,0,585,50000
site-001,1791339251,49900,23684,23700,476,50000
site-002,1791339251,49900,0,0,585,50000
site-001,1791339252,49900,23684,23700,476,50000
site-002,1791339252,49900,0,0,585,50000
site-001,1791339253,49900,23684,23700,476,50000
site-002,1791339253,49900,0,0,585,50000
site-001,1791339254,49900,23684,23700,476,50000
site-002,1791339254,49900,0,0,585,50000
site-001,1791339255,49900,23684,23700,476,50000
site-002,1791339255,49900,0,0,585,50000
site-001,1791339256,49900,23684,23700,476,50000
site-002,1791339256,49900,0,0,585,50000
site-001,1791339257,49900,23684,23700,476,50000
site-002,1791339257,49900,0,0,585,50000
site-001,1791339258,49900,23684,23700,476,50000
site-002,1791339258,49900,0,0,585,50000
site-001,1791339259,49900,23684,23700,476,50000
site-002,1791339259,49900,0,0,585,50000
site-001,1791339260,49900,23684,23700,476,50000
site-002,1791339260,49900,0,0,585,50000
site-001,1791339261,49900,23684,23700,476,50000
site-002,1791339261,49900,0,0,585,50000
site-001,1791339262,49900,23684,23700,475,50000
site-002,1791339262,49900,0,0,585,50000
site-001,1791339263,49900,23684,23700,475,50000
site-002,1791339263,49900,0,0,585,50000
site-001,1791339264,49900,23684,23700,475,50000
site-002,1791339264,49900,0,0,585,50000
site-001,1791339265,49900,23684,23700,475,50000
site-002,1791339265,49900,0,0,585,50000
site-001,1791339266,49900,23684,23700,475,50000
site-002,1791339266,49900,0,0,585,50000
site-001,1791339267,49900,23684,23700,475,50000
site-002,1791339267,49900,0,0,585,50000
site-001,1791339268,49900,23684,23700,475,50000
site-002,1791339268,49900,0,0,585,50000
site-001,1791339269,49900,23684,23700,475,50000
site-002,1791339269,49900,0,0,585,50000
site-001,1791339270,49900,23684,23700,475,50000
site-002,1791339270,49900,0,0,585,50000
site-001,1791339271,49900,23684,23700,475,50000
site-002,1791339271,49900,0,0,585,50000
site-001,1791339272,49900,23684,23700,475,50000
site-002,1791339272,49900,0,0,585,50000
site-001,1791339273,49900,23684,23700,475,50000
site-002,1791339273,49900,0,0,585,50000
site-001,1791339274,49900,23684,23700,475,50000
site-002,1791339274,49900,0,0,585,50000
site-001,1791339275,49900,23684,23700,475,50000
site-002,1791339275,49900,0,0,585,50000
site-001,1791339276,49900,23684,23700,475,50000
site-002,1791339276,49900,0,0,585,50000
site-001,1791339277,49900,23684,23700,475,50000
site-002,1791339277,49900,0,0,585,50000
site-001,1791339278,49900,23684,23700,474,50000
site-002,1791339278,49900,0,0,585,50000
site-001,1791339279,49900,23684,23700,474,50000
site-002,1791339279,49900,0,0,585,50000
site-001,1791339280,49900,23684,23700,474,50000
site-002,1791339280,49900,0,0,585,50000
site-001,1791339281,49900,23684,23700,474,50000
site-002,1791339281,49900,0,0,585,50000
site-001,1791339282,49900,23684,23700,474,50000
site-002,1791339282,49900,0,0,585,50000
site-001,1791339283,49900,23684,23700,474,50000
site-002,1791339283,49900,0,0,585,50000
site-001,1791339284,49900,23684,23700,474,50000
site-002,1791339284,49900,0,0,585,50000
site-001,1791339285,49900,23684,23700,474,50000
site-002,1791339285,49900,0,0,585,50000
site-001,1791339286,49900,23684,23700,474,50000
site-002,1791339286,49900,0,0,585,50000
site-001,1791339287,49900,23684,23700,474,50000
site-002,1791339287,49900,0,0,585,50000
site-001,1791339288,49900,23684,23700,474,50000
site-002,1791339288,49900,0,0,585,50000
site-001,1791339289,49900,23684,23700,474,50000
site-002,1791339289,49900,0,0,585,50000
site-001,1791339290,49900,23684,23700,474,50000
site-002,1791339290,49900,0,0,585,50000
site-001,1791339291,49900,23684,23700,474,50000
site-002,1791339291,49900,0,0,585,50000
site-001,1791339292,49900,23684,23700,474,50000
site-002,1791339292,49900,0,0,585,50000
site-001,1791339293,49900,23684,23700,473,50000
site-002,1791339293,49900,0,0,585,50000
site-001,1791339294,49900,23684,23700,473,50000
site-002,1791339294,49900,0,0,585,50000
site-001,1791339295,49900,23684,23700,473,50000
site-002,1791339295,49900,0,0,585,50000
site-001,1791339296,49900,23684,23700,473,50000
site-002,1791339296,49900,0,0,585,50000
site-001,1791339297,49900,23684,23700,473,50000
site-002,1791339297,49900,0,0,585,50000
site-001,1791339298,49900,23684,23700,473,50000
site-002,1791339298,49900,0,0,585,50000
site-001,1791339299,49900,23684,23700,473,50000
site-002,1791339299,49900,0,0,585,50000
site-001,1791339300,49900,23684,23700,473,50000
site-002,1791339300,49900,0,0,585,50000
site-001,1791339301,49900,23684,23700,473,50000
site-002,1791339301,49900,0,0,585,50000
site-001,1791339302,49900,23684,23700,473,50000
site-002,1791339302,49900,0,0,585,50000
site-001,1791339303,49900,23684,23700,473,50000
site-002,1791339303,49900,0,0,585,50000
site-001,1791339304,49900,23684,23700,473,50000
site-002,1791339304,49900,0,0,585,50000
site-001,1791339305,49900,23684,23700,473,50000
site-002,1791339305,49900,0,0,585,50000
site-001,1791339306,49900,23684,23700,473,50000
site-002,1791339306,49900,0,0,585,50000
site-001,1791339307,49900,23684,23700,473,50000
site-002,1791339307,49900,0,0,585,50000
site-001,1791339308,49900,23684,23700,472,50000
site-002,1791339308,49900,0,0,585,50000
site-001,1791339309,49900,23684,23700,472,50000
site-002,1791339309,49900,0,0,585,50000
site-001,1791339310,49900,23684,23700,472,50000
site-002,1791339310,49900,0,0,585,50000
site-001,1791339311,49900,23684,23700,472,50000
site-002,1791339311,49900,0,0,585,50000
site-001,1791339312,49900,23684,23700,472,50000
site-002,1791339312,49900,0,0,585,50000
site-001,1791339313,49900,23684,23700,472,50000
site-002,1791339313,49900,0,0,585,50000
site-001,1791339314,49900,23684,23700,472,50000
site-002,1791339314,49900,0,0,585,50000
site-001,1791339315,49900,23684,23700,472,50000
site-002,1791339315,49900,0,0,585,50000
site-001,1791339316,49900,23684,23700,472,50000
site-002,1791339316,49900,0,0,585,50000
site-001,1791339317,49900,23684,23700,472,50000
site-002,1791339317,49900,0,0,585,50000
site-001,1791339318,49900,23684,23700,472,50000
site-002,1791339318,49900,0,0,585,50000
site-001,1791339319,49900,23684,23700,472,50000
site-002,1791339319,49900,0,0,585,50000
site-001,1791339320,49900,23684,23700,472,50000
site-002,1791339320,49900,0,0,585,50000
site-001,1791339321,49900,23684,23700,472,50000
site-002,1791339321,49900,0,0,585,50000
site-001,1791339322,49900,23684,23700,472,50000
site-002,1791339322,49900,0,0,585,50000
site-001,1791339323,49900,23684,23700,471,50000
site-002,1791339323,49900,0,0,585,50000
site-001,1791339324,49900,23684,23700,471,50000
site-002,1791339324,49900,0,0,585,50000
site-001,1791339325,49900,23684,23700,471,50000
site-002,1791339325,49900,0,0,585,50000
site-001,1791339326,49900,23684,23700,471,50000
site-002,1791339326,49900,0,0,585,50000
site-001,1791339327,49900,23684,23700,471,50000
site-002,1791339327,49900,0,0,585,50000
site-001,1791339328,49900,23684,23700,471,50000
site-002,1791339328,49900,0,0,585,50000
site-001,1791339329,49900,23684,23700,471,50000
site-002,1791339329,49900,0,0,585,50000
site-001,1791339330,49900,23684,23700,471,50000
site-002,1791339330,49900,0,0,585,50000
site-001,1791339331,49900,23684,23700,471,50000
site-002,1791339331,49900,0,0,585,50000
site-001,1791339332,49900,23684,23700,471,50000
site-002,1791339332,49900,0,0,585,50000
site-001,1791339333,49900,23684,23700,471,50000
site-002,1791339333,49900,0,0,585,50000
site-001,1791339334,49900,23684,23700,471,50000
site-002,1791339334,49900,0,0,585,50000
site-001,1791339335,49900,23684,23700,471,50000
site-002,1791339335,49900,0,0,585,50000
site-001,1791339336,49900,23684,23700,471,50000
site-002,1791339336,49900,0,0,585,50000
site-001,1791339337,49900,23684,23700,471,50000
site-002,1791339337,49900,0,0,585,50000
site-001,1791339338,49900,23684,23700,470,50000
site-002,1791339338,49900,0,0,585,50000
site-001,1791339339,49900,23684,23700,470,50000
site-002,1791339339,49900,0,0,585,50000
site-001,1791339340,49900,23684,23700,470,50000
site-002,1791339340,49900,0,0,585,50000
site-001,1791339341,49900,23684,23700,470,50000
site-002,1791339341,49900,0,0,585,50000
site-001,1791339342,49900,23684,23700,470,50000
site-002,1791339342,49900,0,0,585,50000
site-001,1791339343,49900,23684,23700,470,50000
site-002,1791339343,49900,0,0,585,50000
site-001,1791339344,49900,23684,23700,470,50000
site-002,1791339344,49900,0,0,585,50000
site-001,1791339345,49900,23684,23700,470,50000
site-002,1791339345,49900,0,0,585,50000
site-001,1791339346,49900,23684,23700,470,50000
site-002,1791339346,49900,0,0,585,50000
site-001,1791339347,49900,23684,23700,470,50000
site-002,1791339347,49900,0,0,585,50000
site-001,1791339348,49900,23684,23700,470,50000
site-002,1791339348,49900,0,0,585,50000
site-001,1791339349,49900,23684,23700,470,50000
site-002,1791339349,49900,0,0,585,50000
site-001,1791339350,49900,23684,23700,470,50000
site-002,1791339350,49900,0,0,585,50000
site-001,1791339351,49900,23684,23700,470,50000
site-002,1791339351,49900,0,0,585,50000
site-001,1791339352,49900,23684,23700,470,50000
site-002,1791339352,49900,0,0,585,50000
site-001,1791339353,49900,23684,23700,469,50000
site-002,1791339353,49900,0,0,585,50000
site-001,1791339354,49900,23684,23700,469,50000
site-002,1791339354,49900,0,0,585,50000
site-001,1791339355,49900,23684,23700,469,50000
site-002,1791339355,49900,0,0,585,50000
site-001,1791339356,49900,23684,23700,469,50000
site-002,1791339356,49900,0,0,585,50000
site-001,1791339357,49900,23684,23700,469,50000
site-002,1791339357,49900,0,0,585,50000
site-001,1791339358,49900,23684,23700,469,50000
site-002,1791339358,49900,0,0,585,50000
site-001,1791339359,49900,23684,23700,469,50000
site-002,1791339359,49900,0,0,585,50000
site-001,1791339360,49900,23684,23700,469,50000
site-002,1791339360,49900,0,0,585,50000
site-001,1791339361,49900,23684,23700,469,50000
site-002,1791339361,49900,0,0,585,50000
site-001,1791339362,49900,23684,23700,469,50000
site-002,1791339362,49900,0,0,585,50000
site-001,1791339363,49900,23684,23700,469,50000
site-002,1791339363,49900,0,0,585,50000
site-001,1791339364,49900,23684,23700,469,50000
site-002,1791339364,49900,0,0,585,50000
site-001,1791339365,49900,23684,23700,469,50000
site-002,1791339365,49900,0,0,585,50000
site-001,1791339366,49900,23684,23700,469,50000
site-002,1791339366,49900,0,0,585,50000
site-001,1791339367,49900,14210,14200,469,50000
site-002,1791339367,49900,14210,14200,585,50000
site-001,1791339368,49900,14210,14200,469,50000
site-002,1791339368,49900,14210,14200,585,50000
site-001,1791339369,49900,14210,14200,469,50000
site-002,1791339369,49900,14210,14200,585,50000
site-001,1791339370,49900,14210,14200,468,50000
site-002,1791339370,49900,14210,14200,585,50000
site-001,1791339371,49900,14210,14200,468,50000
site-002,1791339371,49900,14210,14200,585,50000
site-001,1791339372,49900,14210,14200,468,50000
site-002,1791339372,49900,14210,14200,585,50000
site-001,1791339373,49900,14210,14200,468,50000
site-002,1791339373,49900,14210,14200,584,50000
site-001,1791339374,49900,14210,14200,468,50000
site-002,1791339374,49900,14210,14200,584,50000
site-001,1791339375,49900,14210,14200,468,50000
site-002,1791339375,49900,14210,14200,584,50000
site-001,1791339376,49900,14210,14200,468,50000
site-002,1791339376,49900,14210,14200,584,50000
site-001,1791339377,49900,14210,14200,468,50000
site-002,1791339377,49900,14210,14200,584,50000
site-001,1791339378,49900,14210,14200,468,50000
site-002,1791339378,49900,14210,14200,584,50000
site-001,1791339379,49900,14210,14200,468,50000
site-002,1791339379,49900,14210,14200,584,50000
site-001,1791339380,49900,14210,14200,468,50000
site-002,1791339380,49900,14210,14200,584,50000
site-001,1791339381,49900,14210,14200,468,50000
site-002,1791339381,49900,14210,14200,584,50000
site-001,1791339382,49900,14210,14200,468,50000
site-002,1791339382,49900,14210,14200,584,50000
site-001,1791339383,49900,14210,14200,468,50000
site-002,1791339383,49900,14210,14200,584,50000
site-001,1791339384,49900,14210,14200,468,50000
site-002,1791339384,49900,14210,14200,584,50000
site-001,1791339385,49900,14210,14200,468,50000
site-002,1791339385,49900,14210,14200,584,50000
site-001,1791339386,49900,14210,14200,468,50000
site-002,1791339386,49900,14210,14200,584,50000
site-001,1791339387,49900,14210,14200,468,50000
site-002,1791339387,49900,14210,14200,584,50000
site-001,1791339388,49900,14210,14200,468,50000
site-002,1791339388,49900,14210,14200,584,50000
site-001,1791339389,49900,14210,14200,468,50000
site-002,1791339389,49900,14210,14200,584,50000
site-001,1791339390,49900,14210,14200,468,50000
site-002,1791339390,49900,14210,14200,584,50000
site-001,1791339391,49900,14210,14200,468,50000
site-002,1791339391,49900,14210,14200,584,50000
site-001,1791339392,49900,14210,14200,468,50000
site-002,1791339392,49900,14210,14200,584,50000
site-001,1791339393,49900,14210,14200,468,50000
site-002,1791339393,49900,14210,14200,584,50000
site-001,1791339394,49900,14210,14200,468,50000
site-002,1791339394,49900,14210,14200,584,50000
site-001,1791339395,49900,14210,14200,467,50000
site-002,1791339395,49900,14210,14200,584,50000
site-001,1791339396,49900,14210,14200,467,50000
site-002,1791339396,49900,14210,14200,584,50000
site-001,1791339397,49900,14210,14200,467,50000
site-002,1791339397,49900,14210,14200,584,50000
site-001,1791339398,49900,14210,14200,467,50000
site-002,1791339398,49900,14210,14200,583,50000
site-001,1791339399,49900,14210,14200,467,50000
site-002,1791339399,49900,14210,14200,583,50000
site-001,1791339400,49900,14210,14200,467,50000
site-002,1791339400,49900,14210,14200,583,50000
site-001,1791339401,49900,14210,14200,467,50000
site-002,1791339401,49900,14210,14200,583,50000
site-001,1791339402,49900,14210,14200,467,50000
site-002,1791339402,49900,14210,14200,583,50000
site-001,1791339403,49900,14210,14200,467,50000
site-002,1791339403,49900,14210,14200,583,50000
site-001,1791339404,49900,14210,14200,467,50000
site-002,1791339404,49900,14210,14200,583,50000
site-001,1791339405,49900,14210,14200,467,50000
site-002,1791339405,49900,14210,14200,583,50000
site-001,1791339406,49900,14210,14200,467,50000
site-002,1791339406,49900,14210,14200,583,50000
site-001,1791339407,49900,14210,14200,467,50000
site-002,1791339407,49900,14210,14200,583,50000
site-001,1791339408,49900,14210,14200,467,50000
site-002,1791339408,49900,14210,14200,583,50000
site-001,1791339409,49900,14210,14200,467,50000
site-002,1791339409,49900,14210,14200,583,50000
site-001,1791339410,49900,14210,14200,467,50000
site-002,1791339410,49900,14210,14200,583,50000
site-001,1791339411,49900,14210,14200,467,50000
site-002,1791339411,49900,14210,14200,583,50000
site-001,1791339412,49900,14210,14200,467,50000
site-002,1791339412,49900,14210,14200,583,50000
site-001,1791339413,49900,14210,14200,467,50000
site-002,1791339413,49900,14210,14200,583,50000
site-001,1791339414,49900,14210,14200,467,50000
site-002,1791339414,49900,14210,14200,583,50000
site-001,1791339415,49900,14210,14200,467,50000
site-002,1791339415,49900,14210,14200,583,50000
site-001,1791339416,49900,14210,14200,467,50000
site-002,1791339416,49900,14210,14200,583,50000
site-001,1791339417,49900,14210,14200,467,50000
site-002,1791339417,49900,14210,14200,583,50000
site-001,1791339418,49900,14210,14200,467,50000
site-002,1791339418,49900,14210,14200,583,50000
site-001,1791339419,49900,14210,14200,467,50000
site-002,1791339419,49900,14210,14200,583,50000
site-001,1791339420,49900,14210,14200,466,50000
site-002,1791339420,49900,14210,14200,583,50000
site-001,1791339421,49900,14210,14200,466,50000
site-002,1791339421,49900,14210,14200,583,50000
site-001,1791339422,49900,14210,14200,466,50000
site-002,1791339422,49900,14210,14200,583,50000
site-001,1791339423,49900,14210,14200,466,50000
site-002,1791339423,49900,14210,14200,582,50000
site-001,1791339424,49900,14210,14200,466,50000
site-002,1791339424,49900,14210,14200,582,50000
site-001,1791339425,49900,14210,14200,466,50000
site-002,1791339425,49900,14210,14200,582,50000
site-001,1791339426,49900,14210,14200,466,50000
site-002,1791339426,49900,14210,14200,582,50000
site-001,1791339427,49900,14210,14200,466,50000
site-002,1791339427,49900,14210,14200,582,50000
site-001,1791339428,49900,14210,14200,466,50000
site-002,1791339428,49900,14210,14200,582,50000
site-001,1791339429,49900,14210,14200,466,50000
site-002,1791339429,49900,14210,14200,582,50000
site-001,1791339430,49900,14210,14200,466,50000
site-002,1791339430,49900,14210,14200,582,50000
site-001,1791339431,49900,14210,14200,466,50000
site-002,1791339431,49900,14210,14200,582,50000
site-001,1791339432,49900,14210,14200,466,50000
site-002,1791339432,49900,14210,14200,582,50000
site-001,1791339433,49900,14210,14200,466,50000
site-002,1791339433,49900,14210,14200,582,50000
site-001,1791339434,49900,14210,14200,466,50000
site-002,1791339434,49900,14210,14200,582,50000
site-001,1791339435,49900,14210,14200,466,50000
site-002,1791339435,49900,14210,14200,582,50000
site-001,1791339436,49900,14210,14200,466,50000
site-002,1791339436,49900,14210,14200,582,50000
site-001,1791339437,49900,14210,14200,466,50000
site-002,1791339437,49900,14210,14200,582,50000
site-001,1791339438,49900,14210,14200,466,50000
site-002,1791339438,49900,14210,14200,582,50000
site-001,1791339439,49900,14210,14200,466,50000
site-002,1791339439,49900,14210,14200,582,50000
site-001,1791339440,49900,14210,14200,466,50000
site-002,1791339440,49900,14210,14200,582,50000
site-001,1791339441,49900,14210,14200,466,50000
site-002,1791339441,49900,14210,14200,582,50000
site-001,1791339442,49900,14210,14200,466,50000
site-002,1791339442,49900,14210,14200,582,50000
site-001,1791339443,49900,14210,14200,466,50000
site-002,1791339443,49900,14210,14200,582,50000
site-001,1791339444,49900,14210,14200,466,50000
site-002,1791339444,49900,14210,14200,582,50000
site-001,1791339445,49900,14210,14200,466,50000
site-002,1791339445,49900,14210,14200,582,50000
site-001,1791339446,49900,14210,14200,465,50000
site-002,1791339446,49900,14210,14200,582,50000
site-001,1791339447,49900,14210,14200,465,50000
site-002,1791339447,49900,14210,14200,582,50000
site-001,1791339448,49900,14210,14200,465,50000
site-002,1791339448,49900,14210,14200,582,50000
site-001,1791339449,49900,14210,14200,465,50000
site-002,1791339449,49900,14210,14200,581,50000
site-001,1791339450,49900,14210,14200,465,50000
site-002,1791339450,49900,14210,14200,581,50000
site-001,1791339451,49900,14210,14200,465,50000
site-002,1791339451,49900,14210,14200,581,50000
site-001,1791339452,49900,14210,14200,465,50000
site-002,1791339452,49900,14210,14200,581,50000
site-001,1791339453,49900,14210,14200,465,50000
site-002,1791339453,49900,14210,14200,581,50000
site-001,1791339454,49900,14210,14200,465,50000
site-002,1791339454,49900,14210,14200,581,50000
site-001,1791339455,49900,14210,14200,465,50000
site-002,1791339455,49900,14210,14200,581,50000
site-001,1791339456,49900,14210,14200,465,50000
site-002,1791339456,49900,14210,14200,581,50000
site-001,1791339457,49900,14210,14200,465,50000
site-002,1791339457,49900,14210,14200,581,50000
site-001,1791339458,49900,14210,14200,465,50000
site-002,1791339458,49900,14210,14200,581,50000
site-001,1791339459,49900,14210,14200,465,50000
site-002,1791339459,49900,14210,14200,581,50000
site-001,1791339460,49900,14210,14200,465,50000
site-002,1791339460,49900,14210,14200,581,50000
site-001,1791339461,49900,14210,14200,465,50000
site-002,1791339461,49900,14210,14200,581,50000
site-001,1791339462,49900,14210,14200,465,50000
site-002,1791339462,49900,14210,14200,581,50000
site-001,1791339463,49900,14210,14200,465,50000
site-002,1791339463,49900,14210,14200,581,50000
site-001,1791339464,49900,14210,14200,465,50000
site-002,1791339464,49900,14210,14200,581,50000
site-001,1791339465,49900,14210,14200,465,50000
site-002,1791339465,49900,14210,14200,581,50000
site-001,1791339466,49900,14210,14200,465,50000
site-002,1791339466,49900,14210,14200,581,50000
site-001,1791339467,49900,14210,14200,465,50000
site-002,1791339467,49900,14210,14200,581,50000
site-001,1791339468,49900,14210,14200,465,50000
site-002,1791339468,49900,14210,14200,581,50000
site-001,1791339469,49900,14210,14200,465,50000
site-002,1791339469,49900,14210,14200,581,50000
site-001,1791339470,49900,14210,14200,465,50000
site-002,1791339470,49900,14210,14200,581,50000
site-001,1791339471,49900,14210,14200,464,50000
site-002,1791339471,49900,14210,14200,581,50000
site-001,1791339472,49900,14210,14200,464,50000
site-002,1791339472,49900,14210,14200,581,50000
site-001,1791339473,49900,14210,14200,464,50000
site-002,1791339473,49900,14210,14200,581,50000
site-001,1791339474,49900,14210,14200,464,50000
site-002,1791339474,49900,14210,14200,580,50000
site-001,1791339475,49900,14210,14200,464,50000
site-002,1791339475,49900,14210,14200,580,50000
site-001,1791339476,49900,14210,14200,464,50000
site-002,1791339476,49900,14210,14200,580,50000
site-001,1791339477,49900,14210,14200,464,50000
site-002,1791339477,49900,14210,14200,580,50000
site-001,1791339478,49900,14210,14200,464,50000
site-002,1791339478,49900,14210,14200,580,50000
site-001,1791339479,49900,14210,14200,464,50000
site-002,1791339479,49900,14210,14200,580,50000
site-001,1791339480,49900,14210,14200,464,50000
site-002,1791339480,49900,14210,14200,580,50000
site-001,1791339481,49900,14210,14200,464,50000
site-002,1791339481,49900,14210,14200,580,50000
site-001,1791339482,49900,14210,14200,464,50000
site-002,1791339482,49900,14210,14200,580,50000
site-001,1791339483,49900,14210,14200,464,50000
site-002,1791339483,49900,14210,14200,580,50000
site-001,1791339484,49900,14210,14200,464,50000
site-002,1791339484,49900,14210,14200,580,50000
site-001,1791339485,49900,14210,14200,464,50000
site-002,1791339485,49900,14210,14200,580,50000
site-001,1791339486,49900,14210,14200,464,50000
site-002,1791339486,49900,14210,14200,580,50000
site-001,1791339487,49900,14210,14200,464,50000
site-002,1791339487,49900,14210,14200,580,50000
site-001,1791339488,49900,14210,14200,464,50000
site-002,1791339488,49900,14210,14200,580,50000
site-001,1791339489,49900,14210,14200,464,50000
site-002,1791339489,49900,14210,14200,580,50000
site-001,1791339490,49900,14210,14200,464,50000
site-002,1791339490,49900,14210,14200,580,50000
site-001,1791339491,49900,14210,14200,464,50000
site-002,1791339491,49900,14210,14200,580,50000
site-001,1791339492,49900,14210,14200,464,50000
site-002,1791339492,49900,14210,14200,580,50000
site-001,1791339493,49900,14210,14200,464,50000
site-002,1791339493,49900,14210,14200,580,50000
site-001,1791339494,49900,14210,14200,464,50000
site-002,1791339494,49900,14210,14200,580,50000
site-001,1791339495,49900,14210,14200,464,50000
site-002,1791339495,49900,14210,14200,580,50000
site-001,1791339496,49900,14210,14200,463,50000
site-002,1791339496,49900,14210,14200,580,50000
site-001,1791339497,49900,14210,14200,463,50000
site-002,1791339497,49900,14210,14200,580,50000
site-001,1791339498,49900,14210,14200,463,50000
site-002,1791339498,49900,14210,14200,580,50000
site-001,1791339499,49900,14210,14200,463,50000
site-002,1791339499,49900,14210,14200,580,50000
site-001,1791339500,49900,14210,14200,463,50000
site-002,1791339500,49900,14210,14200,579,50000
site-001,1791339501,49900,14210,14200,463,50000
site-002,1791339501,49900,14210,14200,579,50000
site-001,1791339502,49900,14210,14200,463,50000
site-002,1791339502,49900,14210,14200,579,50000
site-001,1791339503,49900,14210,14200,463,50000
site-002,1791339503,49900,14210,14200,579,50000
site-001,1791339504,49900,14210,14200,463,50000
site-002,1791339504,49900,14210,14200,579,50000
site-001,1791339505,49900,14210,14200,463,50000
site-002,1791339505,49900,14210,14200,579,50000
site-001,1791339506,49900,14210,14200,463,50000
site-002,1791339506,49900,14210,14200,579,50000
site-001,1791339507,49900,14210,14200,463,50000
site-002,1791339507,49900,14210,14200,579,50000
site-001,1791339508,49900,14210,14200,463,50000
site-002,1791339508,49900,14210,14200,579,50000
site-001,1791339509,49900,14210,14200,463,50000
site-002,1791339509,49900,14210,14200,579,50000
site-001,1791339510,49900,14210,14200,463,50000
site-002,1791339510,49900,14210,14200,579,50000
site-001,1791339511,49900,14210,14200,463,50000
site-002,1791339511,49900,14210,14200,579,50000
site-001,1791339512,49900,14210,14200,463,50000
site-002,1791339512,49900,14210,14200,579,50000
site-001,1791339513,49900,14210,14200,463,50000
site-002,1791339513,49900,14210,14200,579,50000
site-001,1791339514,49900,14210,14200,463,50000
site-002,1791339514,49900,14210,14200,579,50000
site-001,1791339515,49900,14210,14200,463,50000
site-002,1791339515,49900,14210,14200,579,50000
site-001,1791339516,49900,14210,14200,463,50000
site-002,1791339516,49900,14210,14200,579,50000
site-001,1791339517,49900,14210,14200,463,50000
site-002,1791339517,49900,14210,14200,579,50000
site-001,1791339518,49900,14210,14200,463,50000
site-002,1791339518,49900,14210,14200,579,50000
site-001,1791339519,49900,14210,14200,463,50000
site-002,1791339519,49900,14210,14200,579,50000
site-001,1791339520,49900,14210,14200,463,50000
site-002,1791339520,49900,14210,14200,579,50000
site-001,1791339521,49900,14210,14200,463,50000
site-002,1791339521,49900,14210,14200,579,50000
site-001,1791339522,49900,14210,14200,462,50000
site-002,1791339522,49900,14210,14200,579,50000
site-001,1791339523,49900,14210,14200,462,50000
site-002,1791339523,49900,14210,14200,579,50000
site-001,1791339524,49900,14210,14200,462,50000
site-002,1791339524,49900,14210,14200,579,50000
site-001,1791339525,49900,14210,14200,462,50000
site-002,1791339525,49900,14210,14200,578,50000
site-001,1791339526,49900,14210,14200,462,50000
site-002,1791339526,49900,14210,14200,578,50000
site-001,1791339527,49900,14210,14200,462,50000
site-002,1791339527,49900,14210,14200,578,50000
site-001,1791339528,49900,14210,14200,462,50000
site-002,1791339528,49900,14210,14200,578,50000
site-001,1791339529,49900,14210,14200,462,50000
site-002,1791339529,49900,14210,14200,578,50000
site-001,1791339530,49900,14210,14200,462,50000
site-002,1791339530,49900,14210,14200,578,50000
site-001,1791339531,49900,14210,14200,462,50000
site-002,1791339531,49900,14210,14200,578,50000
site-001,1791339532,49900,14210,14200,462,50000
site-002,1791339532,49900,14210,14200,578,50000
site-001,1791339533,49900,14210,14200,462,50000
site-002,1791339533,49900,14210,14200,578,50000
site-001,1791339534,49900,14210,14200,462,50000
site-002,1791339534,49900,14210,14200,578,50000
site-001,1791339535,49900,14210,14200,462,50000
site-002,1791339535,49900,14210,14200,578,50000
site-001,1791339536,49900,14210,14200,462,50000
site-002,1791339536,49900,14210,14200,578,50000
site-001,1791339537,49900,14210,14200,462,50000
site-002,1791339537,49900,14210,14200,578,50000
site-001,1791339538,49900,14210,14200,462,50000
site-002,1791339538,49900,14210,14200,578,50000
site-001,1791339539,49900,14210,14200,462,50000
site-002,1791339539,49900,14210,14200,578,50000
site-001,1791339540,49900,14210,14200,462,50000
site-002,1791339540,49900,14210,14200,578,50000
site-001,1791339541,49900,14210,14200,462,50000
site-002,1791339541,49900,14210,14200,578,50000
site-001,1791339542,49900,14210,14200,462,50000
site-002,1791339542,49900,14210,14200,578,50000
site-001,1791339543,49900,14210,14200,462,50000
site-002,1791339543,49900,14210,14200,578,50000
site-001,1791339544,49900,14210,14200,462,50000
site-002,1791339544,49900,14210,14200,578,50000
site-001,1791339545,49900,14210,14200,462,50000
site-002,1791339545,49900,14210,14200,578,50000
site-001,1791339546,49900,14210,14200,462,50000
site-002,1791339546,49900,14210,14200,578,50000
site-001,1791339547,49900,14210,14200,461,50000
site-002,1791339547,49900,14210,14200,578,50000
site-001,1791339548,49900,14210,14200,461,50000
site-002,1791339548,49900,14210,14200,578,50000
site-001,1791339549,49900,14210,14200,461,50000
site-002,1791339549,49900,14210,14200,578,50000
site-001,1791339550,49900,14210,14200,461,50000
site-002,1791339550,49900,14210,14200,577,50000
site-001,1791339551,49900,14210,14200,461,50000
site-002,1791339551,49900,14210,14200,577,50000
site-001,1791339552,49900,14210,14200,461,50000
site-002,1791339552,49900,14210,14200,577,50000
site-001,1791339553,49900,14210,14200,461,50000
site-002,1791339553,49900,14210,14200,577,50000
site-001,1791339554,49900,14210,14200,461,50000
site-002,1791339554,49900,14210,14200,577,50000
site-001,1791339555,49900,14210,14200,461,50000
site-002,1791339555,49900,14210,14200,577,50000
site-001,1791339556,49900,14210,14200,461,50000
site-002,1791339556,49900,14210,14200,577,50000
site-001,1791339557,49900,14210,14200,461,50000
site-002,1791339557,49900,14210,14200,577,50000
site-001,1791339558,49900,14210,14200,461,50000
site-002,1791339558,49900,14210,14200,577,50000
site-001,1791339559,49900,14210,14200,461,50000
site-002,1791339559,49900,14210,14200,577,50000
site-001,1791339560,49900,14210,14200,461,50000
site-002,1791339560,49900,14210,14200,577,50000
site-001,1791339561,49900,14210,14200,461,50000
site-002,1791339561,49900,14210,14200,577,50000
site-001,1791339562,49900,14210,14200,461,50000
site-002,1791339562,49900,14210,14200,577,50000
site-001,1791339563,49900,14210,14200,461,50000
site-002,1791339563,49900,14210,14200,577,50000
site-001,1791339564,49900,14210,14200,461,50000
site-002,1791339564,49900,14210,14200,577,50000
site-001,1791339565,49900,14210,14200,461,50000
site-002,1791339565,49900,14210,14200,577,50000
site-001,1791339566,49900,14210,14200,461,50000
site-002,1791339566,49900,14210,14200,577,50000
site-001,1791339567,49900,14210,14200,461,50000
site-002,1791339567,49900,14210,14200,577,50000
site-001,1791339568,49900,14210,14200,461,50000
site-002,1791339568,49900,14210,14200,577,50000
site-001,1791339569,49900,14210,14200,461,50000
site-002,1791339569,49900,14210,14200,577,50000
site-001,1791339570,49900,14210,14200,461,50000
site-002,1791339570,49900,14210,14200,577,50000
site-001,1791339571,49900,14210,14200,461,50000
site-002,1791339571,49900,14210,14200,577,50000
site-001,1791339572,49900,14210,14200,460,50000
site-002,1791339572,49900,14210,14200,577,50000
site-001,1791339573,49900,14210,14200,460,50000
site-002,1791339573,49900,14210,14200,577,50000
site-001,1791339574,49900,14210,14200,460,50000
site-002,1791339574,49900,14210,14200,577,50000
site-001,1791339575,49900,14210,14200,460,50000
site-002,1791339575,49900,14210,14200,577,50000
site-001,1791339576,49900,14210,14200,460,50000
site-002,1791339576,49900,14210,14200,576,50000
site-001,1791339577,49900,14210,14200,460,50000
site-002,1791339577,49900,14210,14200,576,50000
site-001,1791339578,49900,14210,14200,460,50000
site-002,1791339578,49900,14210,14200,576,50000
site-001,1791339579,49900,14210,14200,460,50000
site-002,1791339579,49900,14210,14200,576,50000
site-001,1791339580,49900,14210,14200,460,50000
site-002,1791339580,49900,14210,14200,576,50000
site-001,1791339581,49900,14210,14200,460,50000
site-002,1791339581,49900,14210,14200,576,50000
site-001,1791339582,49900,14210,14200,460,50000
site-002,1791339582,49900,14210,14200,576,50000
site-001,1791339583,49900,14210,14200,460,50000
site-002,1791339583,49900,14210,14200,576,50000
site-001,1791339584,49900,14210,14200,460,50000
site-002,1791339584,49900,14210,14200,576,50000
site-001,1791339585,49900,14210,14200,460,50000
site-002,1791339585,49900,14210,14200,576,50000
site-001,1791339586,49900,14210,14200,460,50000
site-002,1791339586,49900,14210,14200,576,50000
site-001,1791339587,49900,14210,14200,460,50000
site-002,1791339587,49900,14210,14200,576,50000
site-001,1791339588,49900,14210,14200,460,50000
site-002,1791339588,49900,14210,14200,576,50000
site-001,1791339589,49900,14210,14200,460,50000
site-002,1791339589,49900,14210,14200,576,50000
site-001,1791339590,49900,14210,14200,460,50000
site-002,1791339590,49900,14210,14200,576,50000
site-001,1791339591,49900,14210,14200,460,50000
site-002,1791339591,49900,14210,14200,576,50000
site-001,1791339592,49900,14210,14200,460,50000
site-002,1791339592,49900,14210,14200,576,50000
site-001,1791339593,49900,14210,14200,460,50000
site-002,1791339593,49900,14210,14200,576,50000
site-001,1791339594,49900,14210,14200,460,50000
site-002,1791339594,49900,14210,14200,576,50000
site-001,1791339595,49900,14210,14200,460,50000
site-002,1791339595,49900,14210,14200,576,50000
site-001,1791339596,49900,14210,14200,460,50000
site-002,1791339596,49900,14210,14200,576,50000
site-001,1791339597,49900,14210,14200,460,50000
site-002,1791339597,49900,14210,14200,576,50000
site-001,1791339598,49900,14210,14200,459,50000
site-002,1791339598,49900,14210,14200,576,50000
site-001,1791339599,49900,14210,14200,459,50000
site-002,1791339599,49900,14210,14200,576,50000
site-001,1791339600,49900,14210,14200,459,50000
site-002,1791339600,49900,14210,14200,576,50000
site-001,1791339601,49900,14210,14200,459,50000
site-002,1791339601,49900,14210,14200,575,50000
site-001,1791339602,49900,14210,14200,459,50000
site-002,1791339602,49900,14210,14200,575,50000
site-001,1791339603,49900,14210,14200,459,50000
site-002,1791339603,49900,14210,14200,575,50000
